seed,method,size,coverage,default_rate,dr_abs_error,mean_ks,mean_tvd,mean_score,disc_auc
0,Gower,10618.0,0.3834043475120965,0.21567150122433604,0.00982471322215464,0.01951731511586016,0.005213593843581072,0.01431596192594049,0.5344533475373114
0,Stratified,10576.0,0.38188777352495124,0.2234304084720121,0.002065805974478585,0.01153226651836707,0.0009644545781562053,0.007689425812835846,0.4975594554043597
0,Random,10618.0,0.3834043475120965,0.21548314183462045,0.010013072611870233,0.014138094874055054,0.01498671251119142,0.014446683105741008,0.4987066568011249
1,Gower,10576.0,0.38188777352495124,0.204803328290469,0.02048826164200493,0.017513785754632964,0.0032854607549684836,0.012339849391118608,0.5382093962436365
1,Stratified,10544.0,0.3807322885823644,0.21775417298937785,0.007537416943096065,0.01467128824723915,0.0022346407799578535,0.010148870986409587,0.49422116632200624
1,Random,10576.0,0.38188777352495124,0.21851361573373676,0.006777974198737158,0.012239418001068684,0.009594758524499376,0.01127772364595257,0.5023670488700098
2,Gower,10723.0,0.38719578247995956,0.21141471603096149,0.000780905004438559,0.019028318871907295,0.004113796190052998,0.013604856078505735,0.5310959596304319
2,Stratified,10693.0,0.3861125153462844,0.2107921069858786,0.001403514049521437,0.015829520073164922,0.0004254335583552447,0.010228034067779584,0.493064853049238
2,Random,10723.0,0.38719578247995956,0.21971463209922595,0.007519011063825909,0.016166680091123882,0.01118909951874979,0.014356650792078757,0.491505438510179
3,Gower,10677.0,0.385534772874991,0.20698698136180574,0.011961248636148003,0.020885479178622577,0.0037233439773727405,0.014644702741804455,0.5467268118836801
3,Stratified,10627.0,0.383729327652199,0.21483014961889527,0.004118080379058475,0.013273953309383671,0.002273017894256802,0.009273613158428446,0.5032673536347494
3,Random,10677.0,0.385534772874991,0.22028659735880865,0.0013383673608549085,0.01093941420258492,0.007607300087340578,0.009727736342496069,0.49957580714994654
4,Gower,10718.0,0.3870152379576804,0.21300615786527338,0.008397566300881731,0.020412936508738766,0.004275770307818416,0.014544876072040457,0.5426879208756924
4,Stratified,10680.0,0.38564309958835846,0.20758426966292134,0.013819454503233769,0.014856101035255432,0.002393215892657196,0.010324142801583346,0.49999450729288275
4,Random,10718.0,0.3870152379576804,0.217951110281769,0.003452613884386113,0.013277391694970785,0.008203246515493468,0.01143224799334267,0.501690718030194
5,Gower,10791.0,0.3896511879829566,0.21545732554906866,0.010448137925455597,0.018702150399067786,0.0038509599688574666,0.013301717515354946,0.5310265304645642
5,Stratified,10740.0,0.3878096338557088,0.2148975791433892,0.01100788433113506,0.01766245524173943,0.0020314412996286016,0.011978450171880945,0.5010001955304728
5,Random,10791.0,0.3896511879829566,0.21823742007228245,0.007668043402241809,0.01409151552492596,0.014259973482437878,0.014152772964021202,0.5061660878577126
6,Gower,10788.0,0.3895428612695891,0.20550611790878753,0.008735748266780308,0.022920958895406216,0.005686367864801224,0.016653834884277127,0.5406547335251346
6,Stratified,10762.0,0.38860402975373726,0.21575915257387102,0.0015172863983031748,0.014893147098452537,0.00044913008342755615,0.00964077727480709,0.49832867008903836
6,Random,10788.0,0.3895428612695891,0.21866889136077122,0.0044270251852033815,0.015886427344737716,0.009941132326963104,0.013724501883728767,0.5007968463315776
7,Gower,10811.0,0.39037336607207335,0.2048839145314957,0.0126319438683406,0.02244289604830169,0.004860097192006942,0.016049151009649053,0.5398732299124851
7,Stratified,10760.0,0.3885318119448256,0.2184014869888476,0.0008856285890112836,0.014121810620750682,0.0027542250398028996,0.009988143136769672,0.500479242466342
7,Random,10811.0,0.39037336607207335,0.21977615391730645,0.0022602955174701456,0.013009118895673062,0.009646888423160398,0.011786489632941185,0.504192644033997
8,Gower,10677.0,0.385534772874991,0.2064250257562986,0.012113955213621602,0.019796915978150833,0.004369472184318679,0.014186936416757322,0.5387475906521322
8,Stratified,10639.0,0.3841626345056691,0.22379922925086945,0.005260248280949259,0.014018679013110835,0.0008105498390902098,0.009215722949830606,0.4923746734173749
8,Random,10677.0,0.385534772874991,0.2170085229933502,0.0015304579765700044,0.014490988095780302,0.012227579601321998,0.013667930461431827,0.499351971759345
9,Gower,10719.0,0.3870513468621362,0.2089747177908387,0.01263363088933317,0.022065367742396588,0.004467205700210123,0.015666036090692417,0.5355195681086407
9,Stratified,10678.0,0.3855708817794468,0.21146282075295,0.01014552792722187,0.020281637980954944,0.0013164247333432913,0.013385196800005255,0.5048701835968822
9,Random,10719.0,0.3870513468621362,0.21811736169418788,0.0034909869859839904,0.015515845360275216,0.009414918209468492,0.0132973263963455,0.5004623236656174
