feature,type,metric,Gower,Stratified,Random,winner
person_age,numeric,KS,0.017712973304344848,0.015766564995650434,0.012689682689180137,Stratified
person_income,numeric,KS,0.027442228900722787,0.009124913589941941,0.010735341950657729,Stratified
person_emp_length,numeric,KS,0.01843863110513566,0.006377745133512469,0.009925081086540555,Stratified
loan_amnt,numeric,KS,0.011086227220423822,0.008218931969963872,0.010153242755363556,Stratified
loan_int_rate,numeric,KS,0.013432538340016297,0.014240767485042294,0.01523626735971017,Gower
loan_percent_income,numeric,KS,0.016700353551807892,0.00558371862171253,0.008013478856422895,Stratified
cb_person_cred_hist_length,numeric,KS,0.015588498317023136,0.021682927273333097,0.009080872796673245,Gower
person_home_ownership,categorical,TVD,0.002932603172899292,0.002645919779174974,0.009522541914313799,Stratified
loan_intent,categorical,TVD,0.005777518265121427,0.001344086483228292,0.017354054233814906,Stratified
loan_grade,categorical,TVD,0.0015429075802575745,0.0013900039035532356,0.009507006101016445,Stratified
cb_person_default_on_file,categorical,TVD,0.00341121258010392,0.00919653789521184,0.008887358858180747,Gower
